date,task,duration_minutes
05/01/2025,daily backup,15
05/01/2025,server health check,12
05/01/2025,vulnerability scan,47
05/02/2025,daily backup,22
05/02/2025,security patch update,32
05/02/2025,server health check,9
05/05/2025,daily backup,16
05/05/2025,incident response,52
05/05/2025,server health check,10
05/06/2025,team meeting,30
05/06/2025,daily backup,13
05/06/2025,server health check,14
05/07/2025,vulnerability scan,55
05/07/2025,daily backup,19
05/07/2025,server health check,11
05/08/2025,security patch update,28
05/08/2025,daily backup,17
05/08/2025,server health check,12
05/09/2025,daily backup,15
05/09/2025,incident response,48
05/09/2025,server health check,10
05/12/2025,daily backup,18
05/12/2025,server health check,11
05/12/2025,team meeting,29
05/13/2025,daily backup,17
05/13/2025,vulnerability scan,56
05/13/2025,server health check,12
05/14/2025,daily backup,16
05/14/2025,incident response,45
05/14/2025,server health check,11
05/15/2025,security patch update,30
05/15/2025,daily backup,18
05/15/2025,server health check,10
05/16/2025,daily backup,17
05/16/2025,team meeting,32
05/16/2025,server health check,11
05/19/2025,daily backup,16
05/19/2025,vulnerability scan,58
05/19/2025,server health check,10
05/20/2025,incident response,47
05/20/2025,daily backup,17
05/20/2025,server health check,11
05/21/2025,security patch update,27
05/21/2025,daily backup,16
05/21/2025,server health check,12
05/22/2025,daily backup,18
05/22/2025,server health check,10
05/22/2025,team meeting,30
05/23/2025,daily backup,17
05/23/2025,vulnerability scan,59
05/23/2025,server health check,10
05/26/2025,incident response,49
05/26/2025,daily backup,16
05/26/2025,server health check,11
05/27/2025,daily backup,17
05/27/2025,security patch update,28
05/27/2025,server health check,12
05/28/2025,daily backup,17
05/28/2025,team meeting,31
05/28/2025,server health check,11
05/29/2025,daily backup,17
05/29/2025,server health check,11
05/29/2025,vulnerability scan,60
05/30/2025,incident response,48
05/30/2025,daily backup,16
05/30/2025,server health check,12
06/02/2025,daily backup,17
06/02/2025,server health check,10
06/02/2025,security patch update,27
06/03/2025,daily backup,17
06/03/2025,vulnerability scan,58
06/03/2025,server health check,11
06/04/2025,team meeting,30
06/04/2025,daily backup,17
06/04/2025,server health check,10
06/05/2025,incident response,53
06/05/2025,vulnerability scan,52
06/05/2025,security patch update,20
06/05/2025,security patch update,35
